Country,Year,CleanFuelAccess,ElectricityAccess,CO2Emissions,ElecPowerConsumption,CoalElectricity,HydroElectricity,GasElectricity,NuclearElectricity,OilElectricity,RenewableElectricity,RenewableElectricity_kWh,EnergyIntensity,EnergyUse,FossilFuelConsumption,GDPGrowth,GDPPerCapita,PrivateEnergyInvest,LandArea,PopDensity,TotalPopulation,PPP_EnergyInvest,RenewableEnergyConsumption,TotalGHGEmissions,Latitude,Longitude
Gabon,2001,66.1,77.16643,4.764884,866.3774,0.0,62.40227,22.31699,0.0,14.78323,0.497512,7000000.0,3.18,1208.234,35.18228,2.135233,3844.561,172000000.0,257670.0,5.070788,1306590.0,172000000.0,72.42,16444.98,-0.80369,11.60944
Kiribati,2004,1.4,62.41753,0.527935,27386.13,0.0,82.72533,0.0,0.0,0.060627,17.21405,1420000000.0,6.05,83.13934,0.0,-1.62936,1063.878,4580000.0,810.0,118.7951,96224.0,19800000.0,50.55,72.64646,1.836898,-157.377
Honduras,2001,31.9,64.2,0.848233,489.1881,0.0,49.02163,0.0,0.0,50.74665,0.23172,9000000.0,4.88,471.7307,52.81255,2.723193,1118.941,243000000.0,111890.0,61.11235,6837861.0,243000000.0,50.4,13417.02,15.2,-86.2419
Nauru,2005,100.0,98.97237,6.057375,27386.13,0.0,82.72533,0.0,0.0,0.060627,17.21405,1420000000.0,15.81,822.4195,0.0,-7.84314,5289.818,4580000.0,20.0,515.9,10318.0,19800000.0,0.0,67.24568,-0.52278,166.9315
Azerbaijan,2007,89.2,99.46292,3.219524,2118.211,0.0,10.82071,70.90676,0.0,18.27253,0.0,0.0,5.23,1411.557,97.7647,24.85157,3851.331,222000000.0,82629.0,103.8534,8581300.0,222000000.0,3.78,45085.84,40.14311,47.57693
Liberia,2020,0.4,27.55975,0.231839,635.3264,0.0,21.40221,4.049559,0.0,71.86374,2.684488,61000000.0,14.02,643.4456,53.98814,-2.98249,597.5297,76600000.0,96320.0,52.8196,5087584.0,167000000.0,92.96,2155.395,6.428055,-9.4295
Turkmenistan,2017,99.9,100.0,10.70166,1478.252,0.0,79.99549,20.0,0.0,0.004508,0.0,0.0,12.1,836.5128,33.47055,6.5,6354.533,155000000.0,469930.0,12.70058,5968383.0,155000000.0,0.06,196842.5,38.96972,59.55628
Georgia,2004,52.5,99.93,0.858876,1814.46,0.0,87.3628,12.03062,0.0,0.606586,0.0,0.0,4.47,707.9866,53.77327,5.794496,1305.047,27000000.0,69490.0,68.71024,3927340.0,27000000.0,54.53,11831.4,42.31541,43.35689
Gabon,2003,69.7,78.49268,4.669479,896.6931,0.0,58.67014,22.6206,0.0,18.25293,0.456323,7000000.0,4.43,1625.356,23.57892,2.24733,4724.255,154000000.0,257670.0,5.34947,1378398.0,154000000.0,83.63,17186.88,-0.80369,11.60944
Cambodia,2013,16.4,50.9,0.382515,221.938,9.505062,57.14286,0.0,0.0,32.56468,0.787402,14000000.0,4.47,397.6187,28.61223,7.356665,1015.221,152000000.0,176520.0,84.97441,14999683.0,143000000.0,64.97,28694.76,12.56568,104.991
Tonga,2013,67.4,95.1126,1.071072,27386.13,0.0,82.72533,0.0,0.0,0.060627,17.21405,1420000000.0,2.79,567.7291,0.0,0.312308,4208.189,4580000.0,720.0,148.7347,107089.0,19800000.0,1.58,256.2079,-21.179,-175.198
Comoros,2012,4.3,69.3,0.233875,14088.69,10.06993,9.93007,80.0,0.0,0.0,0.0,0.0,2.59,5991.137,20.0,3.16841,1483.952,178000000.0,1861.0,367.8415,684553.0,178000000.0,67.5,434.2064,-11.6455,43.3333
Algeria,2009,99.1,98.82486,3.187069,869.7002,0.0,0.794785,97.62863,0.0,1.576582,0.0,0.0,4.48,1158.182,99.81062,1.6,3898.479,350000000.0,2381740.0,14.77745,35196037.0,350000000.0,0.31,208060.4,28.03389,1.659626
Czechia,2013,100.0,100.0,9.787677,6284.791,50.82202,3.178774,2.354432,35.74667,0.091852,7.644638,6580000000.0,5.11,3989.991,77.18177,-0.0459,20133.17,104000000.0,77220.0,136.16,10514272.0,104000000.0,13.95,123329.6,49.81749,15.47296
Trinidad and Tobago,2015,100.0,100.0,14.59453,6229.619,0.0,0.0,99.76699,0.0,0.23301,0.0,0.0,19.16,13736.35,99.92728,-0.75562,18389.53,158000000.0,5130.0,284.6349,1460177.0,125000000.0,0.37,32832.59,10.6918,-61.2225
Senegal,2003,37.2,41.9373,0.429958,128.8034,0.0,15.68901,2.374302,0.0,72.57914,2.653631,57000000.0,3.78,245.0487,51.18696,5.593951,840.3583,640000000.0,192530.0,54.19677,10434504.0,640000000.0,43.66,16298.18,14.4974,-14.4524
Qatar,2020,100.0,100.0,31.72684,7417.259,0.0,2.035719,12.90187,0.0,81.19955,3.862862,158000000.0,7.17,5029.453,88.94376,-3.64045,52315.66,223000000.0,11490.0,240.2424,2760385.0,223000000.0,0.06,119605.4,25.35483,51.18388
Cuba,2020,94.3,99.93264,2.15277,1350.493,0.0,0.64647,11.95353,0.0,43.20634,3.044898,553000000.0,1.51,1042.202,87.94405,-10.9483,9499.59,67802000.0,103800.0,108.8699,11300698.0,73402000.0,23.93,38558.67,21.52176,-77.7812
Armenia,2013,96.9,99.42,1.896163,1928.734,0.0,28.18418,41.15435,30.6096,0.0,0.051881,4000000.0,3.92,999.6471,75.49284,3.3,3833.157,221000000.0,28470.0,101.9103,2901385.0,183000000.0,6.77,9141.888,40.0691,45.03819
Senegal,2004,37.6,36.8,0.503819,141.793,0.0,12.9417,2.694346,0.0,75.30919,1.987633,45000000.0,3.87,255.7561,54.57289,4.643294,941.8738,104000000.0,192530.0,55.56896,10698691.0,104000000.0,39.88,18387.21,14.4974,-14.4524
Niger,2010,1.3,13.62197,0.081757,43.73018,68.94198,0.0,0.0,0.0,30.03413,1.023891,3000000.0,5.47,133.8643,21.10588,8.578167,471.6127,106000000.0,1266700.0,13.14245,16647543.0,95360000.0,80.67,28101.16,17.60779,8.081666
Finland,2009,100.0,100.0,10.14838,15243.11,16.08875,17.60258,13.58837,32.64372,0.742344,12.50607,9010000000.0,5.86,6268.301,48.47891,-8.07445,47481.48,245000000.0,303900.0,17.56785,5338871.0,245000000.0,32.46,67296.43,61.92411,25.74815
Brazil,2002,90.2,96.653,1.760651,1797.268,2.662647,82.76425,3.588962,4.00265,3.887801,2.973926,10300000000.0,3.89,1084.676,57.154,3.053462,2824.715,3910000000.0,8358140.0,21.59292,180000000.0,3680000000.0,42.85,826208.7,-14.235,-51.9253
Armenia,2008,94.2,99.21111,1.905698,1626.991,0.0,31.14385,26.16984,42.65165,0.0,0.034662,2000000.0,4.13,1006.921,73.28613,6.9,3908.949,70000000.0,28470.0,104.7917,2983421.0,63940000.0,6.4,8886.003,40.0691,45.03819
Turkmenistan,2010,99.9,100.0,11.233,2300.317,0.0,0.0,100.0,0.0,0.0,0.0,0.0,21.67,4306.238,29.91761,9.188055,4286.881,28376000.0,469930.0,11.21012,5267970.0,31576000.0,0.07,151459.0,38.96972,59.55628
Kuwait,2000,100.0,100.0,25.75749,14867.43,0.0,0.0,32.93939,0.0,67.06061,0.0,0.0,6.91,9673.325,100.0,4.694582,19493.91,167000000.0,17820.0,108.5803,1934901.0,103000000.0,0.0,70128.99,29.31166,47.48177
Mongolia,2013,40.4,81.2,6.461561,1918.35,92.94821,0.0,0.0,0.0,5.358566,1.693227,85000000.0,7.2,1848.512,92.69368,11.64892,4422.301,79540000.0,1557253.0,1.827033,2845153.0,78140000.0,3.01,42281.39,46.8625,103.8467
Gabon,2014,85.1,87.07519,3.031261,1118.537,0.0,39.73974,47.0971,0.0,12.56256,0.600601,12000000.0,7.43,2580.438,22.78652,4.314964,9255.368,88280000.0,257670.0,7.633232,1966855.0,86880000.0,81.29,15495.28,-0.80369,11.60944
Azerbaijan,2003,79.9,98.84779,3.469645,2235.46,0.0,11.59917,52.706,0.0,35.69482,0.0,0.0,11.94,1476.591,96.94924,10.2083,883.6926,380000000.0,82652.0,99.62372,8234100.0,240000000.0,2.94,40371.75,40.14311,47.57693
Suriname,2016,92.2,95.82075,5.0819,3266.711,0.0,61.23987,0.0,0.0,38.76013,0.0,0.0,4.14,1282.833,78.43056,-4.91579,5705.399,191000000.0,156000.0,3.727263,581453.0,178000000.0,11.1,4648.008,3.919305,-56.0278
Lesotho,2014,35.5,27.8,1.121112,3585.718,54.2282,30.24503,12.53517,0.0,1.708141,1.283464,75200000.0,9.15,1535.759,78.1318,1.710544,1165.051,136000000.0,30360.0,69.01324,2095242.0,112000000.0,42.39,4047.126,-29.61,28.23361
Angola,2007,43.3,37.5,0.811414,133.2397,0.0,77.6189,0.0,0.0,22.3811,0.0,0.0,2.51,471.5967,34.74248,14.01,3121.349,62784000.0,1246700.0,16.77203,20909684.0,62784000.0,58.49,71292.13,-11.2027,17.87389
Niger,2007,1.1,11.23807,0.054606,38.52899,67.85714,0.0,0.0,0.0,31.25,0.892857,2000000.0,5.45,124.8445,14.26757,3.142724,384.7183,152000000.0,1266700.0,11.76117,14897873.0,143000000.0,86.17,25429.76,17.60779,8.081666
Croatia,2001,100.0,99.99975,4.464558,2993.272,12.82593,56.22896,14.24321,0.0,16.7019,0.0,0.0,4.31,2024.547,77.78751,3.112462,5364.01,118000000.0,55912.0,76.90016,4299642.0,352000000.0,26.92,26023.97,45.1,15.2
Sudan,2009,29.4,29.0,0.470142,153.8174,0.0,49.7304,0.0,0.0,50.2696,0.0,0.0,3.51,496.3418,32.22586,-2.7677,1382.621,687000000.0,2376000.0,13.86707,32948155.0,687000000.0,63.1,95545.72,12.86281,30.21764
Ukraine,2011,94.5,99.99577,6.199227,3662.444,38.21173,5.614831,9.464575,46.29337,0.284691,0.130291,254000000.0,8.96,2768.925,79.55404,5.445281,3704.842,998000000.0,579320.0,78.8961,45706086.0,761000000.0,2.74,345050.8,48.37943,31.16558
Serbia,2012,69.4,99.7863,6.360565,4386.535,72.80418,25.6725,1.318736,0.0,0.185231,0.016588,6000000.0,5.69,2020.395,87.08941,-0.68154,6015.945,11400000.0,87460.0,82.31279,7199077.0,11400000.0,19.47,62462.45,44.01652,21.00586
Benin,2011,4.7,36.9,0.478349,89.03621,0.0,0.0,0.0,0.0,100.0,0.0,0.0,5.82,385.9386,39.43087,2.963753,1099.414,339000000.0,112760.0,86.25736,9726380.0,339000000.0,48.7,10546.27,9.30769,2.315834
Saudi Arabia,2018,100.0,99.89,15.0655,650.8008,0.0,29.70243,58.49372,0.0,11.80386,0.0,0.0,6.05,849.1222,72.37473,2.762244,24175.58,968000000.0,2149690.0,16.28985,35018133.0,968000000.0,0.01,715864.5,23.88594,45.07916
Djibouti,2002,4.2,49.7,0.506381,18682.61,0.0,0.0,100.0,0.0,0.0,0.0,0.0,6.1,4834.082,19.81178,3.02079,749.0816,178000000.0,23180.0,34.04353,789129.0,178000000.0,32.44,1257.473,11.82514,42.59028
Seychelles,2019,100.0,100.0,6.097823,27386.13,0.0,82.72533,0.0,0.0,0.060627,17.21405,1420000000.0,2.88,1979.3,0.0,4.876946,16851.12,4580000.0,460.0,212.2283,97625.0,19800000.0,1.21,760.3656,-4.67957,55.49198
Azerbaijan,2005,85.1,99.11944,3.580069,2388.389,0.0,13.15582,61.17086,0.0,25.67331,0.0,0.0,9.43,1599.961,97.11654,27.96154,1578.367,222000000.0,82660.0,101.5225,8391850.0,222000000.0,3.36,43537.95,40.14311,47.57693
Malta,2016,100.0,100.0,2.969764,11421.03,0.0,3.427158,34.05278,0.0,57.48596,4.030694,62200000.0,1.36,5489.826,90.96441,3.381116,25623.86,94440000.0,320.0,1422.988,455356.0,79870000.0,9.24,1874.915,35.9375,14.37542
France,2016,100.0,100.0,4.703476,2618.608,13.11395,7.452648,42.83194,31.17268,2.144385,3.095853,14000000000.0,3.56,2410.74,67.19969,1.095464,37062.53,1250000000.0,547557.0,121.8578,66724104.0,1250000000.0,14.25,433665.8,46.22764,2.213749
Mongolia,2017,46.9,93.62076,6.322775,1713.102,93.51456,0.0,0.0,0.0,4.897631,1.58781,85000000.0,6.05,1688.018,93.23323,5.636876,3708.248,120000000.0,1557255.0,1.988132,3096030.0,120000000.0,3.19,51464.86,46.8625,103.8467
Croatia,2020,100.0,100.0,3.860705,1817.248,23.90417,63.54069,7.42505,0.0,1.610442,3.519644,237000000.0,3.15,937.3366,70.57579,-8.58034,14236.54,92000000.0,55960.0,72.33167,4047680.0,168000000.0,32.37,21379.33,45.1,15.2
Cuba,2003,78.9,96.477,2.288428,1196.602,0.0,0.809614,10.18975,0.0,29.07653,4.55408,720000000.0,2.89,1030.32,75.27021,3.79274,3205.688,78030000.0,106400.0,105.2558,11199217.0,78030000.0,33.56,40550.92,21.52176,-77.7812
Myanmar,2012,13.4,55.3009,0.23824,159.723,7.184122,72.36303,19.97764,0.0,0.475214,0.0,0.0,4.03,311.7739,26.92944,6.485754,1161.306,212000000.0,653150.0,76.88614,50218185.0,212000000.0,78.46,92134.79,21.91622,95.95597
Zambia,2020,10.9,44.60407,0.401903,255.3615,0.0,84.34114,3.200372,0.0,11.94186,0.516626,29600000.0,7.6,398.4224,20.58485,-2.78506,956.8317,333000000.0,743390.0,25.46135,18927715.0,333000000.0,81.84,36107.82,-13.1339,27.84933
Rwanda,2018,2.3,37.95683,0.111987,246.6782,5.643138,16.68368,0.546164,0.0,68.95893,5.124194,352000000.0,4.02,424.0483,34.36113,8.539836,768.9641,107000000.0,24670.0,507.9776,12531808.0,107000000.0,82.82,6106.433,-1.94028,29.87389
Hungary,2013,100.0,99.98679,4.120314,3892.114,21.07348,0.70311,18.29075,50.73612,0.257477,8.500033,2580000000.0,3.99,2271.947,69.54964,1.802522,13715.07,823000000.0,90530.0,109.2796,9893082.0,823000000.0,17.18,55683.31,47.16249,19.5033
China,2003,44.3,97.44719,3.434036,1379.485,79.55557,14.84654,0.269789,2.268318,2.869285,0.190501,3640000000.0,10.48,1118.432,83.22976,10.03803,1288.638,4680000000.0,9388213.0,137.2359,1290000000.0,2810000000.0,23.86,5724514.0,35.86166,104.1954
Azerbaijan,2014,96.3,100.0,3.381556,2202.394,0.0,5.257198,93.86121,0.0,0.157716,0.372048,92000000.0,4.3,1502.078,98.36599,2.750507,7890.835,330000000.0,82663.0,115.3488,9535079.0,330000000.0,2.12,52262.56,40.14311,47.57693
Albania,2005,52.0,99.37112,1.360092,1722.073,0.0,98.71394,0.0,0.0,1.286055,0.0,0.0,3.76,719.5844,66.48668,5.526424,2673.788,193000000.0,27400.0,109.9083,3011487.0,96832000.0,36.77,9016.942,41.15333,20.16833
Panama,2005,100.0,84.12281,2.152657,1465.878,0.0,63.90939,0.0,0.0,35.6959,0.394714,23000000.0,2.14,881.5667,73.66243,7.191279,4953.13,108000000.0,74340.0,44.46957,3305868.0,118000000.0,22.77,12521.73,8.537981,-80.7821
Czechia,2009,100.0,100.0,10.84324,6139.352,59.571,2.975549,1.194385,33.33007,0.191102,2.725647,2230000000.0,5.21,4034.744,79.6577,-4.65733,19861.7,640000000.0,77240.0,135.2141,10443936.0,640000000.0,10.25,133423.4,49.81749,15.47296
Tajikistan,2008,63.7,98.64735,0.415183,1916.548,0.0,97.85099,2.149006,0.0,0.0,0.0,0.0,6.32,335.0104,41.55519,7.899998,704.6502,220000000.0,139960.0,52.33372,7324627.0,220000000.0,54.61,9021.628,38.86103,71.27609
Philippines,2010,41.2,85.48321,0.865603,633.3906,34.39668,11.5187,28.81226,0.0,10.48242,14.7796,10000000000.0,3.14,426.8654,60.11117,7.3345,2201.777,1510000000.0,298170.0,317.3918,94636700.0,1450000000.0,32.6,158249.8,12.87972,121.774
Grenada,2002,93.0,86.58207,1.944914,27386.13,0.0,82.72533,0.0,0.0,0.060627,17.21405,1420000000.0,2.58,640.5412,0.0,3.437324,4992.441,3500000.0,340.0,318.3265,108231.0,19800000.0,10.47,2093.515,12.1165,-61.679
Barbados,2018,100.0,100.0,4.541382,27386.13,0.0,82.72533,0.0,0.0,0.060627,17.21405,1420000000.0,4.94,1273.429,0.0,-1.02714,18224.89,45600000.0,430.0,650.4372,279688.0,40120000.0,4.15,3796.374,13.19389,-59.5432
Turkmenistan,2002,99.6,99.60683,8.812722,1742.723,0.0,0.0,100.0,0.0,0.0,0.0,0.0,20.25,3366.606,81.62119,0.25718,949.5764,30740000.0,469930.0,9.999294,4698968.0,223000000.0,0.09,128299.2,38.96972,59.55628
Belarus,2015,99.3,97.37328,5.799689,1880.386,0.0,0.313949,97.86691,6.450725,1.062144,0.501731,171000000.0,6.07,1342.162,58.38389,-3.82966,5967.069,140000000.0,202978.0,46.61134,9461076.0,140000000.0,6.82,88193.49,53.70981,27.95339
Guatemala,2003,38.7,78.5122,0.851254,453.8742,13.70522,37.85927,0.0,0.0,37.08056,11.35495,802000000.0,4.41,606.7471,42.48637,2.560378,1737.879,110000000.0,107160.0,115.8579,12415334.0,110000000.0,64.29,20791.59,15.78347,-90.2308
Sudan,2016,50.3,50.50496,0.54608,1571.7,2.481348,36.73757,56.47778,2.742382,2.059822,0.80415,559000000.0,4.16,1238.762,86.07494,3.467642,2614.294,560000000.0,1868000.0,21.07985,39377169.0,465000000.0,58.85,106238.9,12.86281,30.21764
Belarus,2004,96.7,91.0092,5.729965,3174.053,0.0,0.105735,95.02403,0.0,4.854213,0.003204,1000000.0,10.66,2752.759,93.58566,11.44974,2378.34,330000000.0,202815.0,47.97548,9730146.0,330000000.0,6.27,85337.9,53.70981,27.95339
Bhutan,2009,61.2,71.51531,0.568787,17099.01,0.0,0.0,100.0,0.0,0.0,0.0,0.0,10.69,2491.09,20.0,6.748334,1768.746,201000000.0,38117.0,18.30359,697678.0,201000000.0,92.38,1067.413,27.51416,90.4336
Albania,2009,63.1,99.55445,1.492117,1835.684,0.0,99.98078,0.0,0.0,0.019223,0.0,0.0,2.98,732.3167,63.42173,3.354289,4114.134,664000000.0,27400.0,106.8438,2927519.0,244000000.0,37.09,8799.865,41.15333,20.16833
Austria,2015,100.0,100.0,7.31886,9491.506,8.226608,59.99709,12.6014,0.0,1.394039,16.49369,10200000000.0,3.01,3800.299,65.66182,1.014502,44195.82,108000000.0,82520.0,104.7346,8642699.0,108000000.0,34.82,76429.62,47.51623,14.55007
Guinea,2003,0.8,18.93285,0.194693,949.9569,0.24031,9.327777,17.7697,0.0,69.45978,3.202432,209000000.0,8.5,757.3313,65.22818,1.248601,392.8798,206000000.0,245720.0,35.7002,8772254.0,212000000.0,83.47,13581.84,9.945587,-9.69665
Djibouti,2019,9.2,64.7,0.398764,4325.948,0.0,0.0,0.0,0.0,99.80086,0.199141,10200000.0,2.08,758.1321,19.34333,5.545131,2876.044,166000000.0,23180.0,46.33279,1073994.0,166000000.0,26.99,1388.224,11.82514,42.59028
United Arab Emirates,2004,100.0,100.0,27.54777,12184.29,0.0,0.0,97.66488,0.0,2.33512,0.0,0.0,4.4,10480.62,99.94024,9.566437,37017.74,118000000.0,71020.0,56.22837,3993339.0,352000000.0,0.1,146808.4,23.42408,53.84782
Chad,2012,3.1,7.79171,0.096726,270.1695,45.15838,39.94994,0.0,0.0,14.89168,0.0,0.0,3.93,317.7017,11.91121,8.882576,969.6161,49720000.0,1259200.0,10.12937,12754906.0,49720000.0,76.08,60192.88,15.45417,18.73221
Romania,2010,100.0,97.09669,3.832785,2550.863,34.21699,32.79995,11.97974,19.17386,1.141556,0.687903,417000000.0,3.56,1730.088,75.07095,-3.90124,8397.809,87912000.0,230050.0,88.01074,20246871.0,87912000.0,24.08,106101.9,45.94316,24.96676
Belarus,2005,97.1,91.52557,5.842829,3245.372,0.0,0.116275,96.8315,0.0,3.036078,0.00323,1000000.0,9.74,2768.822,92.67264,9.400002,3126.072,330000000.0,202833.0,47.64469,9663915.0,330000000.0,6.83,86179.88,53.70981,27.95339
El Salvador,2016,86.9,96.0,1.139923,2186.09,0.0,30.75941,0.0,0.0,49.07027,20.17032,1220000000.0,3.38,1161.012,61.08978,2.539062,3870.313,303000000.0,20720.0,301.6655,6250510.0,303000000.0,20.71,12171.42,13.79419,-88.8965
Brazil,2009,93.6,98.85694,1.799328,2189.998,2.098597,83.88122,2.860202,2.77975,3.140601,5.114552,23800000000.0,3.74,1236.154,51.31851,-0.12581,8569.902,23600000000.0,8358140.0,23.27283,195000000.0,23200000000.0,48.92,913687.6,-14.235,-51.9253
Costa Rica,2013,93.6,99.56352,1.623425,1919.844,0.0,66.93698,0.0,0.0,11.68539,21.37763,2190000000.0,2.42,1010.727,49.37779,2.494766,10633.27,416000000.0,51060.0,93.84127,4791535.0,416000000.0,37.8,14390.8,9.748917,-83.7534
Bahrain,2007,100.0,100.0,22.10504,20501.05,0.0,0.0,98.83555,0.0,1.16445,0.0,0.0,10.31,11184.11,97.83177,8.29396,20883.55,190000000.0,750.0,1387.376,1040532.0,183000000.0,0.0,35914.54,26.0667,50.5577
Finland,2007,100.0,100.0,12.30973,17160.86,18.01957,17.44969,12.99403,28.83008,0.577266,12.48815,10100000000.0,6.0,6974.897,49.82069,5.299337,48476.39,245000000.0,304090.0,17.39196,5288720.0,245000000.0,31.8,79087.17,61.92411,25.74815
Bosnia and Herzegovina,2003,50.2,99.04157,3.554556,2008.482,58.83188,39.95207,0.0,0.0,1.216048,0.0,0.0,5.78,1051.449,88.8767,3.867139,2031.402,118000000.0,51200.0,81.714,4183757.0,352000000.0,20.14,19027.1,43.91589,17.67908
Georgia,2012,71.5,100.0,1.929001,2329.926,0.0,74.50232,25.49768,0.0,0.0,0.0,0.0,3.68,993.7399,74.46282,6.369008,4421.93,186000000.0,69490.0,65.23801,3728874.0,297000000.0,28.69,15143.92,42.31541,43.35689
Sri Lanka,2017,27.9,97.5,1.075961,1526.097,28.16326,40.2301,7.220295,5.61336,12.68041,1.175721,152000000.0,1.71,1245.78,68.50343,6.460681,4388.202,344000000.0,61893.0,347.4838,21506813.0,247000000.0,45.78,33847.33,7.873054,80.7718
Ecuador,2002,89.7,94.23397,1.849363,692.3166,0.0,63.29913,3.14603,0.0,33.55485,0.0,0.0,3.48,698.4728,85.43974,4.096777,2184.209,173000000.0,248360.0,52.62767,13070609.0,173000000.0,17.1,53839.92,-1.83124,-78.1834
Tunisia,2004,97.3,99.0,2.236659,1007.46,0.0,1.289782,97.06868,0.0,1.273032,0.368509,44000000.0,3.99,822.2452,87.04397,6.235791,3029.85,630000000.0,155360.0,66.24759,10292225.0,630000000.0,13.92,32858.75,33.88692,9.537499
North Macedonia,2020,78.3,100.0,3.27942,3660.018,69.51733,23.86209,3.777905,0.0,1.903318,0.939358,52400000.0,3.31,1386.264,81.18563,-6.11089,5965.45,136000000.0,25220.0,82.17807,2072531.0,112000000.0,20.26,9768.86,41.60864,21.74528
Ethiopia,2018,5.69,44.84433,0.15323,2089.235,10.73141,12.05732,52.8455,3.391349,17.80393,3.157172,8700000000.0,7.92,1619.068,90.02699,6.816148,758.2977,299000000.0,1128561.0,98.46999,111000000.0,299000000.0,89.73,148723.7,9.145,40.48967
Lesotho,2007,26.8,13.8626,0.987817,6314.806,35.02441,25.05518,2.238252,36.51581,0.47404,0.677075,97400000.0,11.4,9.579196,0.0,4.187914,848.0237,136000000.0,30360.0,65.33152,1983465.0,125000000.0,55.33,3792.326,-29.61,28.23361
Namibia,2009,39.95,44.1,1.450782,1593.389,5.234899,94.56376,0.0,0.0,0.201342,0.0,0.0,3.73,716.5237,66.96951,0.295971,4322.629,80074000.0,823290.0,2.511775,2067919.0,78674000.0,33.36,13237.34,-22.9576,18.49041
Finland,2004,100.0,100.0,12.94581,16777.57,19.96039,17.5549,14.84886,26.46165,0.716407,12.30241,10600000000.0,6.83,7134.854,53.33484,3.992091,37772.18,245000000.0,304590.0,17.16462,5228172.0,245000000.0,31.1,81847.43,61.92411,25.74815
Tajikistan,2003,47.1,100.0,0.32598,2096.668,0.0,98.95209,1.047913,0.0,0.0,0.0,0.0,8.18,324.9209,35.16775,10.07806,233.0941,319000000.0,139960.0,47.67428,6672492.0,319000000.0,64.58,6823.689,38.86103,71.27609
Lesotho,2017,38.2,33.7,1.106736,3030.56,0.018959,60.2532,37.72676,0.0,0.138119,1.862963,94600000.0,8.38,2095.655,63.8666,-3.13817,1062.712,136000000.0,30360.0,71.49595,2170617.0,112000000.0,39.62,4227.947,-29.61,28.23361
Samoa,2005,22.3,91.13898,0.949498,27386.13,0.0,82.72533,0.0,0.0,0.060627,17.21405,1420000000.0,4.26,302.1853,0.0,6.639204,2527.763,13040000.0,2830.0,66.6523,188626.0,19800000.0,48.89,488.3253,-13.759,-172.105
Cyprus,2013,100.0,100.0,5.508034,3516.806,0.0,0.0,0.0,0.0,92.37762,7.622378,327000000.0,2.84,1654.416,92.99081,-6.58748,27797.45,172000000.0,9240.0,126.2952,1166968.0,172000000.0,9.73,7739.793,35.12641,33.42986
Singapore,2018,100.0,100.0,8.018212,5396.654,34.81165,0.049967,10.56676,0.0,1.13439,51.13961,16400000000.0,2.47,3027.259,69.71514,3.575433,66836.54,237000000.0,714.0,7897.305,5638676.0,258000000.0,0.78,64328.24,1.352083,103.8198
Rwanda,2002,0.1,6.046956,0.09505,2544.961,9.080746,15.52002,34.36878,0.0,40.05228,0.890047,239000000.0,6.35,1301.698,70.25335,13.19207,234.8137,340000000.0,24670.0,339.3719,8372306.0,289000000.0,87.13,3578.623,-1.94028,29.87389
Singapore,2012,100.0,100.0,8.22453,8673.985,0.012774,0.0,84.29882,0.0,12.99951,1.358285,638000000.0,2.32,4898.33,96.32909,4.435498,55547.55,245000000.0,706.0,7524.698,5312437.0,245000000.0,0.51,58591.53,1.352083,103.8198
Malaysia,2003,98.1,98.67069,5.821076,2909.891,18.87115,6.442034,70.90316,0.0,3.782385,0.001274,1000000.0,5.63,2277.573,95.99111,5.788499,4454.527,2050000000.0,328550.0,75.29877,24739411.0,2050000000.0,3.33,182491.2,4.210484,101.9758
Uzbekistan,2018,84.2,99.99219,3.420323,766.6754,27.19602,20.40615,16.96096,0.0,27.10937,3.82831,517000000.0,8.63,670.259,75.64188,5.879743,1604.259,498000000.0,440587.0,74.80044,32956100.0,498000000.0,1.49,184839.7,41.37749,64.58526
Albania,2011,68.1,99.71864,1.768109,2205.704,0.0,98.59222,0.0,0.0,1.407779,0.0,0.0,2.91,764.9686,61.50277,2.545406,4437.141,19560000.0,27400.0,106.029,2905195.0,4160000.0,35.84,9623.608,41.15333,20.16833
Malta,2013,100.0,100.0,5.567333,4915.874,0.0,0.0,0.0,0.0,98.44514,1.554865,35000000.0,2.15,1803.21,98.7576,5.473058,24769.45,44040000.0,320.0,1331.147,425967.0,50070000.0,3.24,2826.248,35.9375,14.37542
Gabon,2015,86.0,87.32774,3.014912,2431.5,0.0,43.17968,46.04892,0.0,10.20696,0.56444,12000000.0,7.22,919.0492,10.69624,3.878899,7090.455,88280000.0,257670.0,7.872539,2028517.0,86880000.0,81.94,15883.79,-0.80369,11.60944
Portugal,2010,100.0,100.0,4.817632,4959.094,13.22382,30.0758,27.75139,0.0,5.602429,22.73193,12200000000.0,2.93,2222.63,75.12558,1.737625,22520.64,134000000.0,91590.0,115.4395,10573100.0,134000000.0,27.83,68073.97,39.39987,-8.22445
Grenada,2014,91.5,91.01732,2.148815,27386.13,0.0,82.72533,0.0,0.0,0.060627,17.21405,1420000000.0,2.36,678.1854,0.0,7.342124,7726.378,6360000.0,340.0,346.9765,117972.0,19800000.0,11.27,2263.595,12.1165,-61.679
Samoa,2018,34.3,99.81927,1.185974,27386.13,0.0,82.72533,0.0,0.0,0.060627,17.21405,1420000000.0,4.19,204.7236,0.0,-0.60965,4189.052,37420000.0,2780.0,75.43201,209701.0,40120000.0,36.63,598.9776,-13.759,-172.105
Armenia,2018,98.0,99.9,2.013779,2004.546,0.0,51.42369,15.67071,6.36129,17.9476,1.447072,60400000.0,3.51,866.0264,66.22089,5.199653,4391.923,247000000.0,28470.0,99.63319,2836557.0,201000000.0,11.13,9443.73,40.0691,45.03819
Mozambique,2018,4.7,31.1,0.233657,951.0715,30.42971,19.67761,32.09639,0.0,11.55243,0.844275,215000000.0,12.05,800.566,88.95452,3.443813,504.5358,590000000.0,786380.0,37.41687,29423878.0,539000000.0,79.81,34533.03,-18.6657,35.52956
Botswana,2003,49.65,33.07162,2.143018,1293.474,97.21689,0.0,0.0,0.0,2.783109,0.0,0.0,3.96,1006.702,64.14483,4.625895,4111.738,152000000.0,566730.0,3.223516,1826863.0,103000000.0,36.21,8736.279,-22.3285,24.68487
United Kingdom,2001,100.0,100.0,9.223025,6141.983,34.7958,1.060758,37.11215,23.56212,1.373546,1.436574,5490000000.0,4.01,3784.928,87.82898,2.157428,27888.61,1170000000.0,241930.0,244.3669,59119673.0,1170000000.0,0.85,698896.2,55.37805,-3.43597
Portugal,2013,100.0,100.0,4.451935,4685.055,23.42581,27.16983,14.30324,0.0,3.360114,31.14933,15700000000.0,2.86,2057.861,73.34963,-0.92264,21653.2,104000000.0,91605.2,114.1561,10457295.0,104000000.0,30.17,63799.82,39.39987,-8.22445
Mauritius,2011,97.7,99.6,2.905612,2025.704,40.57122,2.050531,0.0,0.0,39.2164,18.16185,496000000.0,2.53,1053.51,82.43971,4.077538,9197.043,172000000.0,1997.0,627.1427,1252404.0,172000000.0,12.01,5835.308,-20.3484,57.55215
Dominica,2003,83.4,84.02311,1.775226,27386.13,0.0,82.72533,0.0,0.0,0.060627,17.21405,1420000000.0,2.68,822.4195,0.0,6.353137,5016.088,4580000.0,750.0,91.256,68442.0,19800000.0,10.56,183.8788,15.415,-61.371
Suriname,2015,91.5,94.98353,4.733655,3266.711,0.0,60.05314,0.0,0.0,39.94686,0.0,0.0,3.56,1282.833,78.43056,-3.4111,8907.838,191000000.0,156000.0,3.688942,575475.0,178000000.0,11.59,4352.376,3.919305,-56.0278
United Kingdom,2010,100.0,100.0,7.689567,5700.856,28.74592,0.941931,46.32555,16.41839,1.307077,5.870883,22200000000.0,3.21,3230.616,88.16811,2.430073,39693.19,1740000000.0,241930.0,259.4402,62766365.0,1740000000.0,3.13,594574.8,55.37805,-3.43597
Cameroon,2011,20.0,53.7,0.33261,262.0682,0.0,74.2611,6.198277,0.0,18.51039,1.030231,61000000.0,4.54,328.3445,29.73959,3.379211,1497.927,86224000.0,472710.0,43.25881,20448873.0,86224000.0,78.63,84494.81,7.369722,12.35472
Ireland,2004,100.0,100.0,10.97905,6168.399,24.70355,2.498513,51.13623,0.0,12.73448,3.029942,764000000.0,2.71,3558.086,93.27693,6.78814,47754.2,112000000.0,68890.0,59.0835,4070262.0,118000000.0,2.31,72285.08,53.41291,-8.24389
Brazil,2001,89.6,96.01653,1.792112,1737.976,3.398091,81.54322,3.020018,4.346622,4.815103,2.744225,9020000000.0,3.9,1070.141,58.94969,1.389896,3142.236,3910000000.0,8358140.0,21.32195,178000000.0,3680000000.0,41.33,797202.4,-14.235,-51.9253
Lesotho,2013,34.5,26.88447,1.063918,3660.018,69.51733,23.86209,3.777905,0.0,1.903318,0.939358,52400000.0,9.32,1386.264,81.18563,1.792531,1141.361,136000000.0,30360.0,68.31156,2073939.0,112000000.0,45.58,3920.397,-29.61,28.23361
Japan,2018,100.0,100.0,8.761979,8107.164,27.07672,7.775098,30.31453,17.47748,10.90231,3.591768,37800000000.0,3.36,3796.68,86.1079,0.643391,39751.13,1540000000.0,364500.0,347.904,127000000.0,1490000000.0,7.26,1198175.0,36.20482,138.2529
Algeria,2010,99.2,98.9109,3.184357,1020.071,0.0,0.380461,97.5117,0.0,2.107841,0.0,0.0,4.42,1117.98,99.84783,3.6,4495.921,594000000.0,2381740.0,15.05468,35856344.0,594000000.0,0.26,210955.5,28.03389,1.659626
Dominica,2010,87.9,91.30387,2.508908,27386.13,0.0,82.72533,0.0,0.0,0.060627,17.21405,1420000000.0,3.02,822.4195,0.0,0.672634,7182.4,4580000.0,750.0,91.67333,68755.0,19800000.0,10.28,236.505,15.415,-61.371
Zambia,2005,15.7,23.28274,0.198282,710.1679,0.179051,99.40689,0.0,0.0,0.414056,0.0,0.0,10.81,633.2742,10.08722,7.235599,720.4465,40760000.0,743390.0,15.55694,11564870.0,40760000.0,88.68,29370.28,-13.1339,27.84933
Bahrain,2008,100.0,100.0,22.3014,18562.73,0.0,0.0,99.97809,0.0,0.021907,0.0,0.0,10.35,11362.07,39.52284,6.245011,23155.82,190000000.0,760.0,1460.978,1110343.0,183000000.0,0.0,38404.87,26.0667,50.5577
Saudi Arabia,2011,100.0,100.0,15.3814,7514.491,0.0,0.0,43.33745,0.0,26.45305,0.0,0.0,6.38,5907.688,99.20369,10.99376,22441.57,294000000.0,2149690.0,14.02572,30150945.0,294000000.0,0.01,596452.0,23.88594,45.07916
Uganda,2012,0.9,20.474,0.110205,314.569,0.0,49.51615,4.466513,0.0,27.00597,14.04853,742000000.0,10.13,623.7199,31.15764,3.837456,796.7111,34000000.0,200520.0,170.9221,34273295.0,34000000.0,92.95,32797.01,1.373333,32.29028
Afghanistan,2017,30.0,97.7,0.281196,388.2692,0.0,52.17778,4.389682,0.0,27.58489,8.216904,458000000.0,2.3,610.1571,37.91011,2.647003,530.1499,19000000.0,652230.0,54.64854,35643418.0,19000000.0,19.21,31750.55,33.93911,67.70995
Lebanon,2009,57.12,99.31904,4.423774,2653.331,0.0,4.516738,1.401496,0.0,94.08177,0.0,0.0,3.14,1342.8,95.59789,10.23216,7149.791,30740000.0,10230.0,483.9819,4951135.0,223000000.0,4.31,26142.04,33.85472,35.86229
Mauritania,2018,46.4,43.58928,0.870136,11151.04,0.025765,39.76032,60.06901,0.0,0.002747,0.086764,114000000.0,3.25,4334.872,55.66204,4.772174,1749.954,103000000.0,1030700.0,4.143506,4270712.0,127000000.0,25.17,13589.51,21.00789,-10.9408
Chile,2001,100.0,97.13436,3.119374,2627.355,11.37288,49.3828,31.36771,0.0,2.997813,4.878794,2080000000.0,4.24,1590.919,73.10697,3.154035,4606.891,155000000.0,743532.0,20.8787,15523978.0,155000000.0,32.15,67899.4,-35.6751,-71.543
Hungary,2008,100.0,100.0,5.281252,3988.768,18.00125,0.532167,37.9163,37.02186,0.886946,5.356652,2140000000.0,4.34,2636.647,77.82373,1.003943,15772.33,811000000.0,89610.0,112.0208,10038188.0,811000000.0,8.96,68556.38,47.16249,19.5033
Barbados,2006,100.0,100.0,4.983267,27386.13,0.0,82.72533,0.0,0.0,0.060627,17.21405,1420000000.0,5.18,1471.757,0.0,6.112713,15595.64,42420000.0,430.0,628.8953,270425.0,40120000.0,6.59,3694.57,13.19389,-59.5432
Suriname,2011,88.2,94.6037,3.536619,3214.729,0.0,60.63557,0.0,0.0,39.36443,0.0,0.0,3.7,1265.43,79.29074,5.849368,8009.252,191000000.0,156000.0,3.539397,552146.0,178000000.0,21.16,3532.494,3.919305,-56.0278
Austria,2016,100.0,100.0,7.290777,1448.916,2.729815,23.06707,20.28998,0.0,47.65492,6.000775,2250000000.0,2.98,1538.605,80.26414,1.989437,45307.59,206000000.0,82520.0,105.8733,8736668.0,212000000.0,34.63,76780.91,47.51623,14.55007
Uganda,2001,0.9,8.6,0.052654,893.2171,3.774229,56.50703,17.97764,0.0,17.13937,0.000255,200000.0,13.88,853.9293,53.19967,5.183661,235.853,957000000.0,199810.0,123.9344,24763325.0,717000000.0,95.22,17385.64,1.373333,32.29028
Mauritius,2009,97.2,99.04068,2.744284,1907.123,39.38688,4.734187,0.0,0.0,36.98099,18.89794,487000000.0,2.59,999.4869,81.04683,3.315077,7318.126,172000000.0,2030.0,614.497,1247429.0,172000000.0,12.78,5510.831,-20.3484,57.55215
Sri Lanka,2016,27.0,97.5,1.08131,1526.097,27.03988,42.2231,6.939084,5.61336,12.00025,1.176653,153000000.0,1.85,1245.78,68.50343,5.053625,4107.83,344000000.0,61893.0,346.1699,21425494.0,247000000.0,45.13,34744.83,7.873054,80.7718
Oman,2017,100.0,100.0,15.7718,21483.78,1.812087,81.78085,6.464565,0.0,0.012506,9.776408,4430000000.0,7.05,5274.583,57.53413,0.304058,17802.58,209000000.0,309500.0,14.67481,4541854.0,209000000.0,0.01,94109.56,21.47353,55.97541
Papua New Guinea,2020,9.5,20.49612,0.563252,9575.449,0.514297,35.13237,19.32767,31.77786,1.172624,11.32976,18000000000.0,5.51,4647.6,41.89853,-3.16738,2446.084,552000000.0,452860.0,21.52904,9749640.0,262000000.0,54.28,18397.92,-6.31499,143.9556
Singapore,2000,100.0,100.0,10.45648,7575.436,0.0,0.0,18.49992,0.0,79.95263,0.773725,245000000.0,3.47,4634.726,98.91781,9.038316,23852.83,112000000.0,670.0,6011.772,4027887.0,118000000.0,0.33,54856.64,1.352083,103.8198
Kuwait,2011,100.0,100.0,26.49355,16023.47,0.0,0.0,38.018,0.0,61.982,0.0,0.0,6.58,10299.97,95.78056,9.628407,49010.32,193000000.0,17820.0,176.4212,3143825.0,96832000.0,0.0,113298.5,29.31166,47.48177
Angola,2017,48.3,42.90624,0.829723,921.0159,28.97547,17.98271,31.80067,0.0,18.02194,3.219206,192000000.0,2.51,890.791,75.93616,-0.14715,2283.214,112000000.0,1246700.0,24.23087,30208628.0,112000000.0,56.25,82023.71,-11.2027,17.87389
Austria,2002,100.0,100.0,8.583837,7427.656,12.87682,66.26528,15.32797,0.0,2.385267,2.747669,1670000000.0,3.33,3773.652,77.31087,1.651554,26527.59,202000000.0,82520.0,97.93937,8081957.0,202000000.0,24.68,84500.38,47.51623,14.55007
Burkina Faso,2018,9.8,14.4,0.252428,1626.83,22.35409,48.90608,9.33474,11.36186,4.503031,0.359137,105000000.0,4.6,1202.54,58.68487,6.604569,779.2028,994000000.0,273600.0,74.53481,20392723.0,813000000.0,69.13,30655.19,12.23833,-1.56159
Antigua and Barbuda,2009,100.0,98.53059,5.365888,27386.13,0.0,82.72533,0.0,0.0,0.060627,17.21405,1420000000.0,4.51,2316.546,0.0,-11.9627,14530.6,4580000.0,440.0,192.1227,84534.0,19800000.0,0.0,976.4012,17.06082,-61.7964
Lithuania,2018,100.0,100.0,4.159315,673.6566,0.0,2.624893,0.0,0.0,91.76561,5.609492,225000000.0,3.22,717.623,62.56566,3.99331,19186.36,247000000.0,62630.0,44.73165,2801543.0,223000000.0,33.73,19652.28,55.16944,23.88128
Botswana,2012,60.5,55.96568,1.569503,1646.575,71.42857,0.0,0.0,0.0,28.57143,0.0,0.0,3.38,1078.772,65.78999,-0.1709,6392.987,80074000.0,566730.0,3.838556,2175425.0,78674000.0,27.55,13041.85,-22.3285,24.68487
Malta,2020,100.0,100.0,3.125558,16128.0,0.0,2.448189,74.67058,0.0,18.48414,3.572668,84000000.0,1.38,109.6104,0.0,-8.61249,29196.98,191000000.0,320.0,1610.413,515332.0,178000000.0,9.18,2082.169,35.9375,14.37542
Qatar,2005,100.0,100.0,45.40609,15761.57,0.0,0.0,100.0,0.0,0.0,0.0,0.0,9.19,19635.42,100.0,7.492758,52468.45,212000000.0,11610.0,73.10164,848710.0,178000000.0,0.03,53556.74,25.35483,51.18388
Costa Rica,2015,94.3,99.4098,1.539842,11529.22,0.0,74.61154,0.0,27.51406,0.99889,24.38957,2640000000.0,2.23,23.09473,0.0,3.652081,11529.96,143000000.0,51060.0,95.87235,4895242.0,143000000.0,38.33,14296.03,9.748917,-83.7534
Greece,2013,100.0,100.0,6.610379,5028.996,46.23385,11.11111,19.0146,0.0,9.479287,14.01233,8000000000.0,3.21,2128.011,88.00125,-2.516,21787.79,91010000.0,128900.0,85.06758,10965211.0,91010000.0,16.61,93348.14,39.07421,21.82431
Maldives,2001,54.3,87.45767,1.675112,17930.6,0.0,49.50123,0.0,0.0,40.03723,10.46154,841000000.0,1.85,1175.186,0.0,-3.94363,3028.051,45600000.0,300.0,957.7467,287324.0,40120000.0,2.26,576.1324,3.202778,73.22068
Lebanon,2020,60.32,99.98307,3.792194,3297.755,11.78444,9.421895,13.52863,0.0,39.80852,24.48773,7390000000.0,3.98,1705.075,68.01393,-21.3999,5599.958,237000000.0,10230.0,553.5604,5662923.0,258000000.0,6.71,28947.44,33.85472,35.86229
Haiti,2013,3.8,38.89719,0.258338,44.43922,0.0,13.36493,0.0,0.0,86.63507,0.0,0.0,5.59,399.3788,18.6978,4.324784,1452.314,792000000.0,27560.0,372.3224,10261206.0,792000000.0,80.39,9307.168,18.97119,-72.2852
Kuwait,2016,100.0,100.0,22.5727,8026.852,9.930855,0.980777,56.36883,0.0,27.99832,1.475348,409000000.0,7.3,5681.052,96.5083,2.925868,27026.65,92000000.0,17820.0,227.1653,4048085.0,168000000.0,0.01,131400.7,29.31166,47.48177
El Salvador,2003,64.0,86.96115,1.0802,689.9128,0.0,33.13743,0.0,0.0,42.74412,24.11844,1070000000.0,3.88,732.9402,45.02382,1.565393,2197.482,272000000.0,20720.0,290.8711,6026849.0,272000000.0,33.85,11571.98,13.79419,-88.8965
Tonga,2014,70.1,95.88939,1.06353,27386.13,0.0,82.72533,0.0,0.0,0.060627,17.21405,1420000000.0,2.68,567.7291,0.0,2.0187,4125.426,4580000.0,720.0,148.0917,106626.0,19800000.0,1.7,255.8284,-21.179,-175.198
Morocco,2013,97.4,97.2,1.703831,879.139,43.39201,9.306016,21.00346,0.0,20.95657,5.341942,1480000000.0,3.36,554.493,88.2493,4.122213,3377.644,1440000000.0,446300.0,75.74171,33803527.0,1440000000.0,11.59,77993.71,31.7917,-7.09262
Kiribati,2013,4.8,78.83418,0.563052,27386.13,0.0,82.72533,0.0,0.0,0.060627,17.21405,1420000000.0,6.14,678.1854,0.0,4.161574,1628.642,4940000.0,810.0,139.8901,113311.0,19800000.0,46.15,90.34244,1.836898,-157.377
Finland,2013,100.0,100.0,9.228086,15510.84,15.71775,18.01648,9.526082,33.12797,0.328389,17.95052,12800000000.0,5.67,6116.227,42.62672,-0.9017,49892.22,245000000.0,303890.0,17.89783,5438972.0,245000000.0,38.52,62745.61,61.92411,25.74815
Djibouti,2017,8.7,60.2,0.387798,7313.648,0.0,0.0,19.76711,0.0,80.22402,0.008869,400000.0,2.16,1444.888,58.48785,5.458092,2655.733,166000000.0,23180.0,44.87632,1040233.0,166000000.0,24.35,1349.733,11.82514,42.59028
Kenya,2009,6.4,23.0,0.307806,141.6593,0.0,32.02952,0.0,0.0,44.70849,23.26199,1580000000.0,5.53,463.0327,18.85477,3.30694,1049.122,127000000.0,569140.0,70.92182,40364444.0,127000000.0,77.61,58120.16,-0.02356,37.90619
El Salvador,2013,82.2,95.04311,1.043675,971.4432,0.0,28.53954,0.0,0.0,39.55676,31.9037,2000000000.0,3.43,644.8504,47.89684,2.235624,3555.162,274000000.0,20720.0,298.5348,6185642.0,274000000.0,27.54,11477.78,13.79419,-88.8965
New Zealand,2006,100.0,100.0,8.188572,9700.091,12.70125,54.05945,22.593,0.0,0.05275,10.41925,4540000000.0,4.41,4047.318,67.62941,2.798463,26654.59,105000000.0,263310.0,15.89229,4184600.0,118000000.0,27.0,84525.11,-40.9006,174.886
Greece,2014,100.0,100.0,6.385059,5062.606,51.14117,8.891008,13.45967,0.0,11.01245,15.29706,7700000000.0,3.17,2123.898,86.04932,0.475696,21616.71,91010000.0,128900.0,84.50282,10892413.0,91010000.0,16.41,90264.07,39.07421,21.82431
Ukraine,2014,95.0,100.0,5.251102,3418.569,38.73334,4.658882,6.986674,48.57206,0.118698,0.928149,1690000000.0,8.31,2334.396,75.34951,-10.0789,3104.654,456000000.0,579290.0,78.15111,45272155.0,705000000.0,3.5,298994.2,48.37943,31.16558
Czechia,2020,100.0,100.0,8.304017,6157.157,17.85085,1.684311,39.34715,32.43989,4.669832,3.028078,2540000000.0,4.08,3875.498,79.99824,-5.50297,22992.88,104000000.0,77198.53,138.5759,10697858.0,104000000.0,16.97,108308.4,49.81749,15.47296
Cameroon,2018,22.6,62.2,0.388794,971.0655,1.633787,45.17089,32.73153,0.0,20.4638,0.0,0.0,4.33,1194.195,64.02672,3.955514,1594.06,1370000000.0,472710.0,53.0489,25076747.0,1370000000.0,78.57,91747.67,7.369722,12.35472
Montenegro,2006,65.4,98.96584,3.543433,6451.77,40.71816,59.28184,0.0,0.0,0.0,0.0,0.0,5.06,1913.556,57.39371,8.566418,4425.679,191000000.0,13450.0,45.72677,615025.0,178000000.0,44.83,4268.964,42.70868,19.37439
Kuwait,2003,100.0,100.0,27.65683,16856.48,0.0,0.0,24.61937,0.0,75.38063,0.0,0.0,6.59,10421.29,100.0,17.32602,22781.12,167000000.0,17820.0,117.9296,2101506.0,107000000.0,0.0,80240.85,29.31166,47.48177
Uganda,2015,0.9,18.5,0.125732,3149.643,67.43968,1.913908,7.586507,0.0,6.190766,7.563927,12200000000.0,10.18,2123.547,76.12409,5.18786,864.1801,45400000.0,200520.0,186.9008,37477356.0,45400000.0,91.07,35408.11,1.373333,32.29028
Central African Republic,2008,0.5,7.48,0.038368,15726.56,0.046188,59.62703,40.09941,0.0,0.006125,0.136671,179000000.0,7.33,4761.775,55.66204,2.054131,446.2288,192000000.0,622980.0,7.170749,4467233.0,192000000.0,93.64,23876.2,6.611111,20.93944
Ireland,2010,100.0,100.0,8.847879,5927.869,12.61712,2.125923,64.27811,0.0,2.140119,11.1052,3130000000.0,2.49,3152.004,90.0031,1.682972,48663.6,105000000.0,68890.0,66.19473,4560155.0,118000000.0,5.29,64973.31,53.41291,-8.24389
Nigeria,2005,0.9,46.82322,0.702673,127.8305,0.0,33.00055,66.99945,0.0,0.0,0.0,0.0,7.94,749.5896,21.65634,6.438517,1250.407,828000000.0,910770.0,154.2549,140000000.0,828000000.0,84.01,273892.8,9.081999,8.675277
Morocco,2019,98.2,99.6,1.955308,397.5026,0.0,38.89489,9.273174,0.0,26.76054,8.216904,458000000.0,3.33,609.7046,37.68952,2.890975,3498.583,25800000.0,446300.0,81.3453,36304408.0,25800000.0,10.57,92532.3,31.7917,-7.09262
Philippines,2001,38.4,75.72766,0.882363,519.1389,39.93411,15.09883,1.802338,0.0,20.97131,22.19341,10400000000.0,4.34,480.8872,54.3049,3.049232,991.148,672000000.0,298170.0,267.0493,79626086.0,530000000.0,32.8,137747.0,12.87972,121.774
Somalia,2002,0.4,7.4,0.060673,14253.5,0.850139,44.93348,1.036982,39.85918,0.582736,11.62003,17600000000.0,11.35,5200.358,32.32732,3.678052,24025.64,877000000.0,627340.0,15.0016,9411103.0,296000000.0,92.58,26136.4,5.152149,46.19962
Belgium,2000,100.0,100.0,11.44003,8247.677,19.36622,0.555737,19.30219,58.1796,0.962874,0.705544,584000000.0,5.51,5669.358,75.85409,3.716679,23098.89,792000000.0,30280.0,338.5485,10251250.0,792000000.0,1.44,138266.4,50.50389,4.469936
Senegal,2016,28.3,64.5,0.686906,568.149,3.058561,38.40634,4.377652,0.0,52.76326,1.394193,104000000.0,3.93,548.7183,52.30035,6.356069,1290.75,75510000.0,192530.0,76.61848,14751356.0,29250000.0,36.72,27523.88,14.4974,-14.4524
Romania,2013,100.0,98.09863,3.607471,2494.534,28.96337,25.5518,15.81078,19.84762,0.956676,8.869755,5190000000.0,3.0,1595.989,73.49376,0.269964,9497.207,189000000.0,230030.0,86.87429,19983693.0,10000000.0,23.07,99156.94,45.94316,24.96676
Central African Republic,2014,0.6,12.03671,0.027174,1814.142,0.0,0.0,100.0,0.0,0.0,0.0,0.0,9.55,3617.856,60.13973,0.081071,394.8569,209000000.0,622980.0,7.70287,4798734.0,209000000.0,94.82,20639.44,6.611111,20.93944
Hungary,2001,100.0,100.0,5.524415,3426.723,24.50364,0.510779,24.33338,38.79171,11.51174,0.194975,71000000.0,5.2,2512.675,80.98184,4.074088,5276.033,792000000.0,89620.0,113.6753,10187576.0,792000000.0,5.12,73476.1,47.16249,19.5033
Israel,2007,100.0,100.0,9.275344,7003.245,69.30584,0.026026,19.6479,0.0,10.7767,0.01859,10000000.0,3.73,2898.153,97.07304,6.033214,25633.75,273000000.0,21640.0,331.7976,7180100.0,273000000.0,6.72,83624.97,31.04605,34.85161
Austria,2006,100.0,100.0,8.962102,8244.402,14.0481,57.24561,17.12905,0.0,2.634621,8.269916,5150000000.0,3.38,4078.812,74.69833,3.454042,40669.33,108000000.0,82520.0,100.2017,8268641.0,108000000.0,26.64,88152.7,47.51623,14.55007
Malta,2015,100.0,100.0,3.723377,3249.178,0.0,0.0,0.0,7.57364,92.3254,7.674597,100000000.0,1.52,494.3688,0.0,9.608131,24921.68,44040000.0,320.0,1390.791,445053.0,50070000.0,5.98,2158.906,35.9375,14.37542
Indonesia,2014,62.0,97.01,1.891428,808.419,52.45484,6.653619,24.58574,0.0,11.47642,4.821482,11000000000.0,3.48,880.121,66.08948,5.006668,3476.625,1690000000.0,1877519.0,136.4725,256000000.0,1690000000.0,29.29,873788.9,-0.78928,113.9213
Netherlands,2000,100.0,100.0,10.17843,6507.106,30.25069,0.158427,57.48234,4.380181,2.946525,3.15739,2830000000.0,4.15,4739.066,93.84683,4.195642,26214.5,152000000.0,33760.0,471.7273,15925513.0,152000000.0,1.73,206297.7,52.13263,5.291266
Burkina Faso,2003,3.4,11.4,0.084607,414.1031,10.97745,33.56783,1.035426,0.0,47.90882,3.329683,222000000.0,4.88,532.6708,46.00616,7.802494,363.8184,42320000.0,273600.0,47.62643,13030591.0,94400000.0,85.3,19200.72,12.23833,-1.56159
Belarus,2020,99.6,100.0,5.842407,3650.118,0.0,0.291603,97.85136,0.0,1.301353,0.381664,125000000.0,5.83,3011.409,91.50954,-0.6729,6542.865,822000000.0,202980.0,46.21121,9379952.0,259000000.0,8.39,87868.32,53.70981,27.95339
Barbados,2016,100.0,100.0,4.632243,27386.13,0.0,82.72533,0.0,0.0,0.060627,17.21405,1420000000.0,5.02,1273.429,0.0,2.533025,17343.73,42420000.0,430.0,648.0209,278649.0,40120000.0,2.4,3783.218,13.19389,-59.5432
Antigua and Barbuda,2018,100.0,100.0,5.550826,27386.13,0.0,82.72533,0.0,0.0,0.060627,17.21405,1420000000.0,4.29,2316.546,0.0,6.823762,17514.36,4580000.0,440.0,208.2409,91626.0,19800000.0,0.7,1185.478,17.06082,-61.7964
Cyprus,2017,100.0,100.0,6.091071,1557.372,19.18197,3.885664,0.0,0.0,56.88288,20.04949,449000000.0,2.86,906.9089,75.53039,5.733476,26697.01,166000000.0,9240.0,130.7925,1208523.0,166000000.0,10.94,8737.878,35.12641,33.42986
Belgium,2006,100.0,100.0,10.24668,8683.671,10.92616,0.425618,27.29407,55.30066,1.632522,3.074169,2590000000.0,4.83,5470.492,73.94251,2.55235,38705.11,134000000.0,30280.0,348.3474,10547958.0,134000000.0,2.87,125999.5,50.50389,4.469936
Belgium,2010,100.0,100.0,9.808816,8393.95,6.346381,0.332506,33.48502,51.09503,0.432684,6.5883,6180000000.0,4.81,5539.472,72.79362,2.864293,44184.95,91010000.0,30280.0,359.8278,10895586.0,91010000.0,6.25,124908.5,50.50389,4.469936
Zimbabwe,2010,30.4,38.88621,0.74129,599.9328,31.71379,66.92441,0.0,0.0,0.276976,1.084824,94000000.0,17.2,736.6913,24.85571,21.45206,937.8403,123000000.0,386850.0,33.19057,12839771.0,123000000.0,82.51,28228.85,-19.0154,29.15486
Pakistan,2001,24.8,73.86801,0.627048,336.3445,0.393483,26.15077,34.31589,3.163054,35.97681,0.0,0.0,5.03,408.9241,58.13013,3.554418,499.2183,488000000.0,770880.0,206.5402,159000000.0,488000000.0,51.54,237055.4,30.37532,69.34512
Bangladesh,2005,9.3,44.23,0.232135,173.7318,0.616327,2.832079,90.78156,0.0,5.770031,0.0,0.0,2.58,161.7589,63.34035,6.535945,492.8086,232000000.0,130170.0,1082.527,141000000.0,222000000.0,50.66,129652.5,23.68499,90.35633
Kenya,2015,12.1,41.6,0.38612,25959.94,0.0,39.23946,0.0,7.893081,12.48575,48.27479,4660000000.0,5.47,23.09473,0.0,4.967721,1496.654,889000000.0,569140.0,82.31979,46851488.0,449000000.0,71.96,66551.27,-0.02356,37.90619
Iraq,2002,77.9,97.05261,3.472238,1201.165,0.0,1.52674,13.24159,0.0,85.23167,0.0,0.0,5.89,1051.278,99.721,-8.19847,1254.162,119000000.0,437370.0,60.03005,26255343.0,119000000.0,0.31,138562.8,33.22319,43.67929
Thailand,2019,83.1,99.9,3.849044,436.5038,7.938737,60.95291,28.76301,0.0,0.744844,1.6005,2710000000.0,4.52,699.2393,19.46495,2.114558,7628.576,1650000000.0,510890.0,139.5756,71307763.0,1650000000.0,23.95,432151.3,15.87003,100.9925
Seychelles,2008,100.0,96.4828,4.802429,27386.13,0.0,82.72533,0.0,0.0,0.060627,17.21405,1420000000.0,3.17,2581.312,0.0,-2.72595,11265.44,4580000.0,460.0,189.0348,86956.0,19800000.0,0.91,523.9251,-4.67957,55.49198
Lebanon,2019,80.06,99.95049,4.655298,1034.455,4.908972,19.25003,1.254707,0.0,56.03564,18.03177,3940000000.0,3.63,1077.586,46.76367,-6.91492,8925.422,247000000.0,10230.0,565.1913,5781907.0,258000000.0,5.13,34132.39,33.85472,35.86229
Grenada,2018,89.7,92.3,2.628901,27386.13,0.0,82.72533,0.0,0.0,0.060627,17.21405,1420000000.0,2.53,678.1854,0.0,4.36144,9574.31,6360000.0,340.0,358.3471,121838.0,19800000.0,10.69,2372.204,12.1165,-61.679
Bhutan,2015,77.7,95.35976,1.40204,18461.19,0.0,0.0,100.0,0.0,0.0,0.0,0.0,8.7,12842.07,59.80268,6.642232,2695.637,178000000.0,38117.0,19.4998,743274.0,178000000.0,86.68,1661.13,27.51416,90.4336
Algeria,2002,97.6,98.62736,2.605695,736.1336,0.0,0.206163,97.63455,0.0,2.159288,0.0,0.0,4.12,914.915,99.74043,5.6,1794.811,463000000.0,2381740.0,13.27798,31624696.0,463000000.0,0.51,165592.5,28.03389,1.659626
Cameroon,2005,14.7,47.2207,0.290376,191.3729,0.0,94.20579,0.0,0.0,5.794206,0.0,0.0,5.49,408.3631,15.33399,2.22827,1129.358,76640000.0,472710.0,36.54497,17275171.0,63360000.0,86.31,85410.53,7.369722,12.35472
Gabon,2011,81.7,88.72707,3.259317,919.0409,0.0,41.1563,46.88878,0.0,11.51396,0.44096,9000000.0,6.83,2308.797,26.22884,7.091753,10273.8,234000000.0,257670.0,6.878954,1772500.0,234000000.0,79.7,15465.15,-0.80369,11.60944
Angola,2013,46.1,38.39818,1.031044,278.8083,0.0,58.02093,0.0,0.0,41.97907,0.0,0.0,2.61,531.0823,46.50855,4.954613,5101.984,135000000.0,1246700.0,20.97297,26147002.0,135000000.0,47.95,82325.91,-11.2027,17.87389
Bosnia and Herzegovina,2009,46.0,99.38564,5.309703,2785.894,59.55451,39.82002,0.414858,0.0,0.21062,0.0,0.0,6.48,1603.371,92.60429,-3.00446,4542.311,139000000.0,51200.0,75.7373,3877750.0,232000000.0,17.43,26043.31,43.91589,17.67908
Lesotho,2010,30.8,17.0,1.067262,2969.11,80.94078,16.41333,0.015332,0.0,2.630566,0.0,0.0,11.07,1312.284,87.35251,5.266281,1104.801,136000000.0,30360.0,66.6254,2022747.0,112000000.0,52.98,3921.741,-29.61,28.23361
Kazakhstan,2019,93.8,100.0,11.05087,2225.985,54.39685,20.49498,10.86208,0.0,14.02805,0.218041,40600000.0,6.27,1993.246,57.26941,4.5,9812.596,554000000.0,2699700.0,6.857678,18513673.0,554000000.0,1.85,286967.6,48.01957,66.92368
Iceland,2009,100.0,100.0,6.618545,51259.19,0.0,72.94167,0.0,0.0,0.011881,27.04645,4550000000.0,14.52,16911.08,12.17035,-7.66381,41301.28,44040000.0,100250.0,3.177047,318499.0,40120000.0,74.61,3357.714,64.96305,-19.0208
Gabon,2004,71.4,79.1605,4.298255,875.0203,0.0,57.98701,20.77922,0.0,20.71429,0.519481,8000000.0,5.1,1834.774,20.96227,0.689543,5483.145,154000000.0,257670.0,5.499709,1417110.0,154000000.0,85.78,16703.95,-0.80369,11.60944
India,2004,27.0,64.4,0.95547,448.972,67.69168,13.23292,11.19562,2.487021,4.132949,1.249578,8550000000.0,5.73,437.1331,65.58374,7.922937,624.1051,4270000000.0,2973190.0,382.1702,1140000000.0,2360000000.0,44.92,1892155.0,20.59368,78.96288
Ukraine,2001,91.9,99.20142,6.176286,2791.765,30.76798,6.962842,17.5674,44.07852,0.613994,0.009259,16000000.0,14.0,2755.639,84.35759,8.8,807.8019,160000000.0,579350.0,83.99482,48662400.0,160000000.0,1.23,368496.6,48.37943,31.16558
United States,2000,100.0,100.0,20.4698,13671.05,52.89515,6.2894,15.75529,19.81472,2.943005,1.916597,77200000000.0,6.72,8056.864,85.88083,4.077159,36329.96,4510000000.0,9161920.0,30.7973,282000000.0,4510000000.0,5.43,6810656.0,37.09024,-95.7129
Australia,2019,100.0,100.0,15.59573,10410.85,64.85892,6.433271,20.35962,0.0,2.215867,6.132322,15400000000.0,4.33,5521.482,93.10384,2.171396,54941.07,464000000.0,7692020.0,3.294351,25340217.0,353000000.0,10.06,613604.7,-25.2744,133.7751
Sri Lanka,2003,18.1,74.97202,0.643018,324.9206,0.0,42.71643,0.0,0.0,57.10213,0.181441,14000000.0,3.0,449.7673,46.37188,5.940269,978.1686,20780000.0,62710.0,307.8166,19303180.0,20780000.0,61.31,22420.35,7.873054,80.7718
Guinea,2004,0.8,20.19347,0.197845,6681.171,1.340975,26.18789,17.19753,19.2452,31.65818,4.249627,2200000000.0,8.43,2746.993,52.46236,2.340117,405.6961,279000000.0,245720.0,36.4685,8961039.0,257000000.0,83.19,13617.7,9.945587,-9.69665
Brazil,2016,95.8,99.7,2.16126,388.415,23.16882,15.48974,36.99206,0.951509,19.68257,3.581832,4220000000.0,4.03,696.2415,53.87838,-3.27592,8680.735,14600000000.0,8358140.0,24.74948,207000000.0,14600000000.0,45.46,1069581.0,-14.235,-51.9253
Croatia,2011,100.0,100.0,4.445055,3900.601,22.96336,44.76165,23.31021,0.0,6.688011,2.27677,256000000.0,3.64,2140.436,74.6371,-0.08661,14623.99,105000000.0,55964.0,76.48885,4280622.0,118000000.0,27.16,25868.54,45.1,15.2
Estonia,2003,100.0,99.99709,12.17025,5158.603,2.51009,0.127965,4.961118,0.0,0.39374,0.354366,36000000.0,6.99,3798.038,28.30689,7.600265,7203.523,154000000.0,42390.0,32.33593,1370720.0,154000000.0,19.88,19781.36,58.59527,25.01361
Papua New Guinea,2010,7.7,19.5,0.664885,4340.872,65.50137,32.29344,1.466856,0.0,0.738327,0.0,0.0,5.66,2117.758,87.02645,10.12845,1879.24,1060000000.0,452860.0,16.74528,7583269.0,641000000.0,55.25,12945.06,-6.31499,143.9556
Japan,2015,100.0,100.0,9.26805,3484.236,33.15274,8.229093,39.58722,0.911553,7.51942,7.755688,80300000000.0,3.52,3428.557,93.02646,1.560627,34960.64,4150000000.0,364500.0,348.8093,127000000.0,3910000000.0,6.16,1268752.0,36.20482,138.2529
Liberia,2013,0.3,9.8,0.20446,2153.239,2.754151,58.35572,2.789665,0.0,26.08036,10.0201,907000000.0,11.41,1208.338,63.77824,8.687288,717.6358,111000000.0,96320.0,45.96463,4427313.0,192000000.0,87.53,1640.048,6.428055,-9.4295
Czechia,2014,100.0,100.0,9.497131,6258.891,51.15517,2.243349,2.122309,35.63622,0.12339,8.535066,7260000000.0,4.85,3915.114,75.27852,2.262103,19890.92,104000000.0,77220.0,136.3034,10525347.0,104000000.0,14.85,120621.7,49.81749,15.47296
Nepal,2013,25.6,77.44139,0.222332,134.324,0.0,99.71567,0.0,0.0,0.284333,0.0,0.0,5.86,410.2215,13.67799,3.525153,809.3845,312000000.0,143350.0,191.0119,27381555.0,312000000.0,86.05,34650.89,28.39486,84.12401
Hungary,2020,100.0,100.0,4.591653,1358.08,6.343685,9.570987,24.7989,10.43702,46.56792,2.073309,620000000.0,3.62,943.936,59.70979,-4.53555,16125.61,333000000.0,91260.0,106.8392,9750149.0,333000000.0,14.76,59596.53,47.16249,19.5033
Maldives,2017,98.8,99.8,3.272571,11421.03,0.0,3.427158,34.05278,0.0,57.48596,4.030694,62200000.0,2.42,454.2104,19.55769,7.20991,10063.0,113000000.0,300.0,1574.807,472442.0,121000000.0,1.25,1936.164,3.202778,73.22068
Estonia,2010,100.0,100.0,13.89467,6506.318,3.15489,0.208269,2.337242,0.0,0.31626,7.844801,1020000000.0,7.11,4222.737,20.57486,2.444265,14663.04,172000000.0,42390.0,31.41012,1331475.0,172000000.0,25.32,21672.09,58.59527,25.01361
Lesotho,2006,25.4,9.7,0.972794,6314.806,35.02441,25.05518,2.238252,36.51581,0.47404,0.677075,97400000.0,11.62,9.611591,0.0,4.230095,910.6185,136000000.0,30360.0,65.11133,1976780.0,125000000.0,55.46,3701.045,-29.61,28.23361
Indonesia,2004,13.4,89.01,1.510302,468.8044,40.12134,8.050731,16.33531,0.0,29.93684,5.555787,6680000000.0,5.14,781.802,64.31645,5.030874,1136.755,158000000.0,1877519.0,120.3389,226000000.0,128000000.0,41.46,713132.3,-0.78928,113.9213
Israel,2003,100.0,100.0,9.406326,6597.306,76.72031,0.0659,0.053145,0.0,22.86941,0.02551,12000000.0,4.34,2949.3,96.92671,1.393913,19627.03,194000000.0,21640.0,309.1359,6689700.0,349000000.0,6.52,76471.32,31.04605,34.85161
Namibia,2006,37.9,40.51324,1.254079,1594.215,5.230386,94.14695,0.0,0.0,0.622665,0.0,0.0,3.47,668.4809,62.3573,7.073175,4027.962,125000000.0,823290.0,2.41295,1986558.0,91874000.0,35.72,12383.16,-22.9576,18.49041
Guinea-Bissau,2014,1.1,17.2,0.151207,15481.92,0.0,0.0,86.58788,0.0,13.41212,0.0,0.0,9.93,15637.32,49.0263,0.964561,605.1225,205000000.0,28120.0,61.99534,1743309.0,125000000.0,87.28,2244.292,11.80375,-15.1804
France,2012,100.0,100.0,5.152358,7363.151,3.701124,10.48464,3.895582,75.96278,1.109427,4.34271,24300000000.0,3.84,3836.515,49.01203,0.313135,40870.85,1100000000.0,547557.0,119.9185,65662240.0,1100000000.0,12.35,460350.4,46.22764,2.213749
Sierra Leone,2005,0.3,11.33249,0.078563,1103.549,4.908972,12.5902,12.23047,0.0,52.50712,17.24436,3920000000.0,8.01,1233.027,63.77691,4.3535,286.286,251000000.0,72180.0,78.73835,5683334.0,258000000.0,88.11,4127.412,8.460555,-11.7799
Pakistan,2003,27.0,75.95161,0.633183,362.7349,0.244959,33.33416,48.51293,2.177409,15.73055,0.0,0.0,4.93,412.4448,58.02195,5.777034,549.8704,572000000.0,770880.0,216.4756,167000000.0,678000000.0,50.09,252859.9,30.37532,69.34512
Ireland,2017,100.0,100.0,7.84815,3308.468,3.469163,28.08263,24.88222,0.0,27.11361,14.35554,2440000000.0,1.52,2163.179,75.08973,9.005342,69970.95,209000000.0,68890.0,69.78354,4807388.0,209000000.0,10.11,65833.87,53.41291,-8.24389
Nepal,2003,10.1,39.58601,0.117658,68.87849,0.0,99.82356,0.0,0.0,0.176445,0.0,0.0,6.74,339.0183,10.61004,3.945038,246.4858,30550000.0,143350.0,179.1622,25682908.0,30550000.0,89.44,26965.41,28.39486,84.12401
Kuwait,2018,100.0,100.0,21.46123,7205.487,12.107,17.07327,53.35286,0.0,13.93409,1.705672,467000000.0,6.99,4698.589,89.35823,2.433981,32012.14,56600000.0,17820.0,242.2663,4317185.0,114000000.0,0.03,134809.5,29.31166,47.48177
Kenya,2006,4.6,26.42205,0.264464,138.5231,0.0,52.21408,0.0,0.0,29.65913,18.12679,1140000000.0,5.46,451.8521,17.06526,6.472494,699.3997,133000000.0,569140.0,64.87903,36925253.0,23700000.0,79.26,39978.99,-0.02356,37.90619
Benin,2001,0.8,21.9,0.240584,60.3158,0.0,3.030303,0.0,0.0,96.9697,0.0,0.0,4.93,292.3647,27.46528,5.333136,508.3474,513000000.0,112760.0,63.95921,7212041.0,373000000.0,66.86,6504.477,9.30769,2.315834
China,2014,68.2,100.0,7.304713,3905.318,72.63391,18.55249,2.021005,2.339286,0.167974,4.05666,230000000000.0,7.69,2224.355,87.67043,7.425764,7636.074,1650000000.0,9388211.0,146.1258,1370000000.0,1650000000.0,11.91,11940737.0,35.86166,104.1954
Papua New Guinea,2017,9.1,19.23094,0.713598,15248.36,1.029539,43.84434,0.445074,46.23113,0.925993,6.591709,9890000000.0,5.03,5587.929,33.52424,3.534611,2495.14,273000000.0,452860.0,20.12718,9114796.0,264000000.0,54.45,19157.79,-6.31499,143.9556
Singapore,2020,100.0,100.0,7.686684,4184.96,26.87728,1.49168,7.250738,0.0,19.42585,43.09851,13500000000.0,2.5,2630.264,73.89905,-3.90105,61274.01,237000000.0,718.0,7918.951,5685807.0,258000000.0,0.92,64266.74,1.352083,103.8198
"Bahamas, The",2019,100.0,100.0,6.482894,4755.604,0.0,0.0,0.0,0.0,99.89875,0.101246,2200000.0,2.49,2018.586,99.71856,-0.74398,32279.01,44040000.0,10010.0,40.41528,404557.0,50070000.0,1.18,2957.748,25.02589,-78.0359
Spain,2012,100.0,100.0,5.778549,5573.401,19.04832,6.989474,24.93961,20.91229,5.212253,22.59527,66400000000.0,3.13,2683.368,75.00815,-2.95892,28322.95,889000000.0,500210.0,93.50684,46773055.0,449000000.0,15.75,343394.0,40.46367,-3.74922
Malaysia,2005,98.1,98.74139,6.440996,2847.914,24.18081,6.278954,66.87431,0.0,2.664715,0.00121,1000000.0,5.85,2535.507,96.82708,5.332139,5536.838,1600000000.0,328550.0,78.90286,25923536.0,1600000000.0,3.01,209389.8,4.210484,101.9758
Canada,2000,100.0,100.0,16.75747,17037.07,19.41691,59.19937,5.527117,12.02105,1.829768,1.400934,8480000000.0,9.31,8265.08,76.10257,5.177636,24271.0,304000000.0,8965590.0,3.422611,30685730.0,304000000.0,22.04,648194.4,56.13037,-106.347
Poland,2020,100.0,100.0,7.367563,3897.173,84.31126,1.419488,3.477236,0.0,1.297289,9.399548,15200000000.0,3.47,2547.219,90.99109,-2.02012,15816.82,186000000.0,306130.0,123.8006,37899070.0,165000000.0,16.14,338383.8,51.91944,19.14514
Burundi,2002,0.3,3.11739,0.032802,1831.808,15.34406,39.43313,16.7616,0.0,27.15196,1.256099,6800000.0,10.07,1080.532,57.02981,4.446519,124.1393,207000000.0,25680.0,258.915,6648938.0,165000000.0,94.65,1629.592,-3.37306,29.91889
Sudan,2004,15.3,30.19234,0.306185,87.19614,0.0,31.92962,0.0,0.0,68.07038,0.0,0.0,3.72,509.9867,20.27672,5.140889,737.1228,338000000.0,2376000.0,12.13449,28831550.0,338000000.0,75.4,83857.12,12.86281,30.21764
Bosnia and Herzegovina,2015,42.6,99.7,5.569579,4859.001,63.97722,35.51731,0.191951,15.14072,0.31352,0.0,0.0,5.97,3894.07,84.12111,4.314751,4654.61,314000000.0,51200.0,68.83445,3524324.0,303000000.0,25.25,24907.0,43.91589,17.67908
